{"validation": {"accuracy": 0.631700288184438, "f1_score": 0.6284290384909843, "classification_report": {"ENFJ": {"precision": 0.6071428571428571, "recall": 0.4473684210526316, "f1-score": 0.5151515151515151, "support": 38.0}, "ENFP": {"precision": 0.6168831168831169, "recall": 0.7037037037037037, "f1-score": 0.657439446366782, "support": 135.0}, "ENTJ": {"precision": 0.7741935483870968, "recall": 0.5217391304347826, "f1-score": 0.6233766233766234, "support": 46.0}, "ENTP": {"precision": 0.7, "recall": 0.5109489051094891, "f1-score": 0.5907172995780591, "support": 137.0}, "ESFJ": {"precision": 0.625, "recall": 0.625, "f1-score": 0.625, "support": 8.0}, "ESFP": {"precision": 0.2, "recall": 0.1111111111111111, "f1-score": 0.14285714285714285, "support": 9.0}, "ESTJ": {"precision": 1.0, "recall": 0.25, "f1-score": 0.4, "support": 8.0}, "ESTP": {"precision": 0.6666666666666666, "recall": 0.5555555555555556, "f1-score": 0.6060606060606061, "support": 18.0}, "INFJ": {"precision": 0.6938775510204082, "recall": 0.5782312925170068, "f1-score": 0.6307977736549165, "support": 294.0}, "INFP": {"precision": 0.5953389830508474, "recall": 0.7656675749318801, "f1-score": 0.6698450536352801, "support": 367.0}, "INTJ": {"precision": 0.677570093457944, "recall": 0.6651376146788991, "f1-score": 0.6712962962962963, "support": 218.0}, "INTP": {"precision": 0.6101083032490975, "recall": 0.6475095785440613, "f1-score": 0.6282527881040892, "support": 261.0}, "ISFJ": {"precision": 0.5161290322580645, "recall": 0.48484848484848486, "f1-score": 0.5, "support": 33.0}, "ISFP": {"precision": 0.5636363636363636, "recall": 0.5740740740740741, "f1-score": 0.5688073394495413, "support": 54.0}, "ISTJ": {"precision": 0.5555555555555556, "recall": 0.6097560975609756, "f1-score": 0.5813953488372093, "support": 41.0}, "ISTP": {"precision": 0.660377358490566, "recall": 0.5147058823529411, "f1-score": 0.5785123966942148, "support": 68.0}, "accuracy": 0.631700288184438, "macro avg": {"precision": 0.6289049643624115, "recall": 0.5353348391547248, "f1-score": 0.5618443518788923, "support": 1735.0}, "weighted avg": {"precision": 0.6393392315469619, "recall": 0.631700288184438, "f1-score": 0.6284290384909843, "support": 1735.0}}}, "test": {"accuracy": 0.6023054755043228, "f1_score": 0.5992000508370366, "classification_report": {"ENFJ": {"precision": 0.5777777777777777, "recall": 0.6842105263157895, "f1-score": 0.6265060240963856, "support": 38.0}, "ENFP": {"precision": 0.5705128205128205, "recall": 0.6592592592592592, "f1-score": 0.6116838487972509, "support": 135.0}, "ENTJ": {"precision": 0.4772727272727273, "recall": 0.45652173913043476, "f1-score": 0.4666666666666667, "support": 46.0}, "ENTP": {"precision": 0.5982142857142857, "recall": 0.48905109489051096, "f1-score": 0.5381526104417671, "support": 137.0}, "ESFJ": {"precision": 0.2727272727272727, "recall": 0.3333333333333333, "f1-score": 0.3, "support": 9.0}, "ESFP": {"precision": 0.75, "recall": 0.3, "f1-score": 0.42857142857142855, "support": 10.0}, "ESTJ": {"precision": 0.6666666666666666, "recall": 0.25, "f1-score": 0.36363636363636365, "support": 8.0}, "ESTP": {"precision": 0.75, "recall": 0.3333333333333333, "f1-score": 0.46153846153846156, "support": 18.0}, "INFJ": {"precision": 0.7073170731707317, "recall": 0.5918367346938775, "f1-score": 0.6444444444444445, "support": 294.0}, "INFP": {"precision": 0.5836909871244635, "recall": 0.7431693989071039, "f1-score": 0.6538461538461539, "support": 366.0}, "INTJ": {"precision": 0.6458333333333334, "recall": 0.5688073394495413, "f1-score": 0.6048780487804878, "support": 218.0}, "INTP": {"precision": 0.5848375451263538, "recall": 0.6206896551724138, "f1-score": 0.6022304832713755, "support": 261.0}, "ISFJ": {"precision": 0.4473684210526316, "recall": 0.5151515151515151, "f1-score": 0.4788732394366197, "support": 33.0}, "ISFP": {"precision": 0.5769230769230769, "recall": 0.5555555555555556, "f1-score": 0.5660377358490566, "support": 54.0}, "ISTJ": {"precision": 0.5185185185185185, "recall": 0.34146341463414637, "f1-score": 0.4117647058823529, "support": 41.0}, "ISTP": {"precision": 0.6481481481481481, "recall": 0.5223880597014925, "f1-score": 0.5785123966942148, "support": 67.0}, "accuracy": 0.6023054755043228, "macro avg": {"precision": 0.5859880408793005, "recall": 0.4977981849705192, "f1-score": 0.5210839132470644, "support": 1735.0}, "weighted avg": {"precision": 0.609389708177654, "recall": 0.6023054755043228, "f1-score": 0.5992000508370366, "support": 1735.0}}}}